document_id,text,invoice_number,invoice_date,vendor_name,customer_name,subtotal,tax_amount,total_amount,due_date
1,BILL / INVOICE ABC Electronics Pvt Ltd Inv#: INV-1001 Invoice Date 02-09-2026 Billed To: XYZ Technologies Amount before tax: Rs.10500 Tax: Rs.1050 Grand Total: Rs.11550 Due Date: 06-10-2026,INV-1001,02-09-2026,ABC Electronics Pvt Ltd,XYZ Technologies,10500,1050,11550,06-10-2026
2,Tech World Solutions Ref INV-1002 issued on 03-09-2026 Client: Suguna Engineering Subtotal = INR 11000 GST = INR 1100 Amount Payable = INR 12100 Please pay before 07-10-2026,INV-1002,03-09-2026,Tech World Solutions,Suguna Engineering,11000,1100,12100,07-10-2026
3,Munnar Digital Systems Invoice No: INV-1003 Date : 04-09-2026 Customer = Green Valley Systems Sub Total Rs 11500 GST Amount : Rs 1150 Total Amount : Rs 12650 Payment Due: 08-10-2026,INV-1003,04-09-2026,Munnar Digital Systems,Green Valley Systems,11500,1150,12650,08-10-2026
4,BILL / INVOICE Coimbatore Electronics Inv#: INV-1004 Invoice Date 05-09-2026 Billed To: Alpha Industries Amount before tax: Rs.12000 Tax: Rs.1200 Grand Total: Rs.13200 Due Date: 09-10-2026,INV-1004,05-09-2026,Coimbatore Electronics,Alpha Industries,12000,1200,13200,09-10-2026
5,Smart Devices India Ref INV-1005 issued on 06-09-2026 Client: Future Tech Solutions Subtotal = INR 12500 GST = INR 1250 Amount Payable = INR 13750 Please pay before 10-10-2026,INV-1005,06-09-2026,Smart Devices India,Future Tech Solutions,12500,1250,13750,10-10-2026
6,ABC Electronics Pvt Ltd Invoice No: INV-1006 Date : 07-09-2026 Customer = XYZ Technologies Sub Total Rs 13000 GST Amount : Rs 1300 Total Amount : Rs 14300 Payment Due: 11-10-2026,INV-1006,07-09-2026,ABC Electronics Pvt Ltd,XYZ Technologies,13000,1300,14300,11-10-2026
7,BILL / INVOICE Tech World Solutions Inv#: INV-1007 Invoice Date 08-09-2026 Billed To: Suguna Engineering Amount before tax: Rs.13500 Tax: Rs.1350 Grand Total: Rs.14850 Due Date: 12-10-2026,INV-1007,08-09-2026,Tech World Solutions,Suguna Engineering,13500,1350,14850,12-10-2026
8,Munnar Digital Systems Ref INV-1008 issued on 09-09-2026 Client: Green Valley Systems Subtotal = INR 14000 GST = INR 1400 Amount Payable = INR 15400 Please pay before 13-10-2026,INV-1008,09-09-2026,Munnar Digital Systems,Green Valley Systems,14000,1400,15400,13-10-2026
9,Coimbatore Electronics Invoice No: INV-1009 Date : 10-09-2026 Customer = Alpha Industries Sub Total Rs 14500 GST Amount : Rs 1450 Total Amount : Rs 15950 Payment Due: 14-10-2026,INV-1009,10-09-2026,Coimbatore Electronics,Alpha Industries,14500,1450,15950,14-10-2026
10,BILL / INVOICE Smart Devices India Inv#: INV-1010 Invoice Date 11-09-2026 Billed To: Future Tech Solutions Amount before tax: Rs.15000 Tax: Rs.1500 Grand Total: Rs.16500 Due Date: 15-10-2026,INV-1010,11-09-2026,Smart Devices India,Future Tech Solutions,15000,1500,16500,15-10-2026
11,ABC Electronics Pvt Ltd Ref INV-1011 issued on 12-09-2026 Client: XYZ Technologies Subtotal = INR 15500 GST = INR 1550 Amount Payable = INR 17050 Please pay before 16-10-2026,INV-1011,12-09-2026,ABC Electronics Pvt Ltd,XYZ Technologies,15500,1550,17050,16-10-2026
12,Tech World Solutions Invoice No: INV-1012 Date : 13-09-2026 Customer = Suguna Engineering Sub Total Rs 16000 GST Amount : Rs 1600 Total Amount : Rs 17600 Payment Due: 17-10-2026,INV-1012,13-09-2026,Tech World Solutions,Suguna Engineering,16000,1600,17600,17-10-2026
13,BILL / INVOICE Munnar Digital Systems Inv#: INV-1013 Invoice Date 14-09-2026 Billed To: Green Valley Systems Amount before tax: Rs.16500 Tax: Rs.1650 Grand Total: Rs.18150 Due Date: 18-10-2026,INV-1013,14-09-2026,Munnar Digital Systems,Green Valley Systems,16500,1650,18150,18-10-2026
14,Coimbatore Electronics Ref INV-1014 issued on 15-09-2026 Client: Alpha Industries Subtotal = INR 17000 GST = INR 1700 Amount Payable = INR 18700 Please pay before 19-10-2026,INV-1014,15-09-2026,Coimbatore Electronics,Alpha Industries,17000,1700,18700,19-10-2026
15,Smart Devices India Invoice No: INV-1015 Date : 16-09-2026 Customer = Future Tech Solutions Sub Total Rs 17500 GST Amount : Rs 1750 Total Amount : Rs 19250 Payment Due: 20-10-2026,INV-1015,16-09-2026,Smart Devices India,Future Tech Solutions,17500,1750,19250,20-10-2026
16,BILL / INVOICE ABC Electronics Pvt Ltd Inv#: INV-1016 Invoice Date 17-09-2026 Billed To: XYZ Technologies Amount before tax: Rs.18000 Tax: Rs.1800 Grand Total: Rs.19800 Due Date: 21-10-2026,INV-1016,17-09-2026,ABC Electronics Pvt Ltd,XYZ Technologies,18000,1800,19800,21-10-2026
17,Tech World Solutions Ref INV-1017 issued on 18-09-2026 Client: Suguna Engineering Subtotal = INR 18500 GST = INR 1850 Amount Payable = INR 20350 Please pay before 22-10-2026,INV-1017,18-09-2026,Tech World Solutions,Suguna Engineering,18500,1850,20350,22-10-2026
18,Munnar Digital Systems Invoice No: INV-1018 Date : 19-09-2026 Customer = Green Valley Systems Sub Total Rs 19000 GST Amount : Rs 1900 Total Amount : Rs 20900 Payment Due: 23-10-2026,INV-1018,19-09-2026,Munnar Digital Systems,Green Valley Systems,19000,1900,20900,23-10-2026
19,BILL / INVOICE Coimbatore Electronics Inv#: INV-1019 Invoice Date 20-09-2026 Billed To: Alpha Industries Amount before tax: Rs.19500 Tax: Rs.1950 Grand Total: Rs.21450 Due Date: 24-10-2026,INV-1019,20-09-2026,Coimbatore Electronics,Alpha Industries,19500,1950,21450,24-10-2026
20,Smart Devices India Ref INV-1020 issued on 21-09-2026 Client: Future Tech Solutions Subtotal = INR 20000 GST = INR 2000 Amount Payable = INR 22000 Please pay before 25-10-2026,INV-1020,21-09-2026,Smart Devices India,Future Tech Solutions,20000,2000,22000,25-10-2026
21,ABC Electronics Pvt Ltd Invoice No: INV-1021 Date : 22-09-2026 Customer = XYZ Technologies Sub Total Rs 20500 GST Amount : Rs 2050 Total Amount : Rs 22550 Payment Due: 26-10-2026,INV-1021,22-09-2026,ABC Electronics Pvt Ltd,XYZ Technologies,20500,2050,22550,26-10-2026
22,BILL / INVOICE Tech World Solutions Inv#: INV-1022 Invoice Date 23-09-2026 Billed To: Suguna Engineering Amount before tax: Rs.21000 Tax: Rs.2100 Grand Total: Rs.23100 Due Date: 27-10-2026,INV-1022,23-09-2026,Tech World Solutions,Suguna Engineering,21000,2100,23100,27-10-2026
23,Munnar Digital Systems Ref INV-1023 issued on 24-09-2026 Client: Green Valley Systems Subtotal = INR 21500 GST = INR 2150 Amount Payable = INR 23650 Please pay before 28-10-2026,INV-1023,24-09-2026,Munnar Digital Systems,Green Valley Systems,21500,2150,23650,28-10-2026
24,Coimbatore Electronics Invoice No: INV-1024 Date : 25-09-2026 Customer = Alpha Industries Sub Total Rs 22000 GST Amount : Rs 2200 Total Amount : Rs 24200 Payment Due: 29-10-2026,INV-1024,25-09-2026,Coimbatore Electronics,Alpha Industries,22000,2200,24200,29-10-2026
25,BILL / INVOICE Smart Devices India Inv#: INV-1025 Invoice Date 26-09-2026 Billed To: Future Tech Solutions Amount before tax: Rs.22500 Tax: Rs.2250 Grand Total: Rs.24750 Due Date: 30-10-2026,INV-1025,26-09-2026,Smart Devices India,Future Tech Solutions,22500,2250,24750,30-10-2026
26,ABC Electronics Pvt Ltd Ref INV-1026 issued on 27-09-2026 Client: XYZ Technologies Subtotal = INR 23000 GST = INR 2300 Amount Payable = INR 25300 Please pay before 31-10-2026,INV-1026,27-09-2026,ABC Electronics Pvt Ltd,XYZ Technologies,23000,2300,25300,31-10-2026
27,Tech World Solutions Invoice No: INV-1027 Date : 28-09-2026 Customer = Suguna Engineering Sub Total Rs 23500 GST Amount : Rs 2350 Total Amount : Rs 25850 Payment Due: 32-10-2026,INV-1027,28-09-2026,Tech World Solutions,Suguna Engineering,23500,2350,25850,32-10-2026
28,BILL / INVOICE Munnar Digital Systems Inv#: INV-1028 Invoice Date 01-09-2026 Billed To: Green Valley Systems Amount before tax: Rs.24000 Tax: Rs.2400 Grand Total: Rs.26400 Due Date: 05-10-2026,INV-1028,01-09-2026,Munnar Digital Systems,Green Valley Systems,24000,2400,26400,05-10-2026
29,Coimbatore Electronics Ref INV-1029 issued on 02-09-2026 Client: Alpha Industries Subtotal = INR 24500 GST = INR 2450 Amount Payable = INR 26950 Please pay before 06-10-2026,INV-1029,02-09-2026,Coimbatore Electronics,Alpha Industries,24500,2450,26950,06-10-2026
30,Smart Devices India Invoice No: INV-1030 Date : 03-09-2026 Customer = Future Tech Solutions Sub Total Rs 25000 GST Amount : Rs 2500 Total Amount : Rs 27500 Payment Due: 07-10-2026,INV-1030,03-09-2026,Smart Devices India,Future Tech Solutions,25000,2500,27500,07-10-2026
31,BILL / INVOICE ABC Electronics Pvt Ltd Inv#: INV-1031 Invoice Date 04-09-2026 Billed To: XYZ Technologies Amount before tax: Rs.25500 Tax: Rs.2550 Grand Total: Rs.28050 Due Date: 08-10-2026,INV-1031,04-09-2026,ABC Electronics Pvt Ltd,XYZ Technologies,25500,2550,28050,08-10-2026
32,Tech World Solutions Ref INV-1032 issued on 05-09-2026 Client: Suguna Engineering Subtotal = INR 26000 GST = INR 2600 Amount Payable = INR 28600 Please pay before 09-10-2026,INV-1032,05-09-2026,Tech World Solutions,Suguna Engineering,26000,2600,28600,09-10-2026
33,Munnar Digital Systems Invoice No: INV-1033 Date : 06-09-2026 Customer = Green Valley Systems Sub Total Rs 26500 GST Amount : Rs 2650 Total Amount : Rs 29150 Payment Due: 10-10-2026,INV-1033,06-09-2026,Munnar Digital Systems,Green Valley Systems,26500,2650,29150,10-10-2026
34,BILL / INVOICE Coimbatore Electronics Inv#: INV-1034 Invoice Date 07-09-2026 Billed To: Alpha Industries Amount before tax: Rs.27000 Tax: Rs.2700 Grand Total: Rs.29700 Due Date: 11-10-2026,INV-1034,07-09-2026,Coimbatore Electronics,Alpha Industries,27000,2700,29700,11-10-2026
35,Smart Devices India Ref INV-1035 issued on 08-09-2026 Client: Future Tech Solutions Subtotal = INR 27500 GST = INR 2750 Amount Payable = INR 30250 Please pay before 12-10-2026,INV-1035,08-09-2026,Smart Devices India,Future Tech Solutions,27500,2750,30250,12-10-2026
36,ABC Electronics Pvt Ltd Invoice No: INV-1036 Date : 09-09-2026 Customer = XYZ Technologies Sub Total Rs 28000 GST Amount : Rs 2800 Total Amount : Rs 30800 Payment Due: 13-10-2026,INV-1036,09-09-2026,ABC Electronics Pvt Ltd,XYZ Technologies,28000,2800,30800,13-10-2026
37,BILL / INVOICE Tech World Solutions Inv#: INV-1037 Invoice Date 10-09-2026 Billed To: Suguna Engineering Amount before tax: Rs.28500 Tax: Rs.2850 Grand Total: Rs.31350 Due Date: 14-10-2026,INV-1037,10-09-2026,Tech World Solutions,Suguna Engineering,28500,2850,31350,14-10-2026
38,Munnar Digital Systems Ref INV-1038 issued on 11-09-2026 Client: Green Valley Systems Subtotal = INR 29000 GST = INR 2900 Amount Payable = INR 31900 Please pay before 15-10-2026,INV-1038,11-09-2026,Munnar Digital Systems,Green Valley Systems,29000,2900,31900,15-10-2026
39,Coimbatore Electronics Invoice No: INV-1039 Date : 12-09-2026 Customer = Alpha Industries Sub Total Rs 29500 GST Amount : Rs 2950 Total Amount : Rs 32450 Payment Due: 16-10-2026,INV-1039,12-09-2026,Coimbatore Electronics,Alpha Industries,29500,2950,32450,16-10-2026
40,BILL / INVOICE Smart Devices India Inv#: INV-1040 Invoice Date 13-09-2026 Billed To: Future Tech Solutions Amount before tax: Rs.30000 Tax: Rs.3000 Grand Total: Rs.33000 Due Date: 17-10-2026,INV-1040,13-09-2026,Smart Devices India,Future Tech Solutions,30000,3000,33000,17-10-2026
41,ABC Electronics Pvt Ltd Ref INV-1041 issued on 14-09-2026 Client: XYZ Technologies Subtotal = INR 30500 GST = INR 3050 Amount Payable = INR 33550 Please pay before 18-10-2026,INV-1041,14-09-2026,ABC Electronics Pvt Ltd,XYZ Technologies,30500,3050,33550,18-10-2026
42,Tech World Solutions Invoice No: INV-1042 Date : 15-09-2026 Customer = Suguna Engineering Sub Total Rs 31000 GST Amount : Rs 3100 Total Amount : Rs 34100 Payment Due: 19-10-2026,INV-1042,15-09-2026,Tech World Solutions,Suguna Engineering,31000,3100,34100,19-10-2026
43,BILL / INVOICE Munnar Digital Systems Inv#: INV-1043 Invoice Date 16-09-2026 Billed To: Green Valley Systems Amount before tax: Rs.31500 Tax: Rs.3150 Grand Total: Rs.34650 Due Date: 20-10-2026,INV-1043,16-09-2026,Munnar Digital Systems,Green Valley Systems,31500,3150,34650,20-10-2026
44,Coimbatore Electronics Ref INV-1044 issued on 17-09-2026 Client: Alpha Industries Subtotal = INR 32000 GST = INR 3200 Amount Payable = INR 35200 Please pay before 21-10-2026,INV-1044,17-09-2026,Coimbatore Electronics,Alpha Industries,32000,3200,35200,21-10-2026
45,Smart Devices India Invoice No: INV-1045 Date : 18-09-2026 Customer = Future Tech Solutions Sub Total Rs 32500 GST Amount : Rs 3250 Total Amount : Rs 35750 Payment Due: 22-10-2026,INV-1045,18-09-2026,Smart Devices India,Future Tech Solutions,32500,3250,35750,22-10-2026
46,BILL / INVOICE ABC Electronics Pvt Ltd Inv#: INV-1046 Invoice Date 19-09-2026 Billed To: XYZ Technologies Amount before tax: Rs.33000 Tax: Rs.3300 Grand Total: Rs.36300 Due Date: 23-10-2026,INV-1046,19-09-2026,ABC Electronics Pvt Ltd,XYZ Technologies,33000,3300,36300,23-10-2026
47,Tech World Solutions Ref INV-1047 issued on 20-09-2026 Client: Suguna Engineering Subtotal = INR 33500 GST = INR 3350 Amount Payable = INR 36850 Please pay before 24-10-2026,INV-1047,20-09-2026,Tech World Solutions,Suguna Engineering,33500,3350,36850,24-10-2026
48,Munnar Digital Systems Invoice No: INV-1048 Date : 21-09-2026 Customer = Green Valley Systems Sub Total Rs 34000 GST Amount : Rs 3400 Total Amount : Rs 37400 Payment Due: 25-10-2026,INV-1048,21-09-2026,Munnar Digital Systems,Green Valley Systems,34000,3400,37400,25-10-2026
49,BILL / INVOICE Coimbatore Electronics Inv#: INV-1049 Invoice Date 22-09-2026 Billed To: Alpha Industries Amount before tax: Rs.34500 Tax: Rs.3450 Grand Total: Rs.37950 Due Date: 26-10-2026,INV-1049,22-09-2026,Coimbatore Electronics,Alpha Industries,34500,3450,37950,26-10-2026
50,Smart Devices India Ref INV-1050 issued on 23-09-2026 Client: Future Tech Solutions Subtotal = INR 35000 GST = INR 3500 Amount Payable = INR 38500 Please pay before 27-10-2026,INV-1050,23-09-2026,Smart Devices India,Future Tech Solutions,35000,3500,38500,27-10-2026
